{
  "derivation_version": "2.0.0",
  "derived_at_utc": "2026-07-19T14:58:11Z",
  "derived_at_git_hash": "101cdf0-dirty",
  "derivation_source_sha": "e3c93dd64fc72540",
  "provenance_claim": "reproducible under corrected HEAD; not a proof that the original run was correct",
  "sources": [
    {
      "set": "/data3/hugin/vsr/measurements/cue_sweep_natural_congruent_4set",
      "set_name": "m4a_v1_natural_congruent_pilot",
      "experiment": "m4a_v1_natural_congruent_pilot",
      "seed": 410,
      "size_schema": "shared",
      "size_condition": "congruent",
      "n_images": 1200,
      "n_target_objects": 2400,
      "render_git_hash": "101cdf0-dirty",
      "render_git_dirty": true,
      "render_git_patch_sha": "c780c21292bc",
      "measurement_only": true,
      "near_depth_bins": [
        0.65,
        1.1,
        1.55,
        2.0
      ],
      "min_depth_ratio": 1.1707,
      "multiplier_worst_case": null
    }
  ],
  "pooled": {
    "n_images": 1200,
    "n_target_objects": 2400,
    "height_constant": {
      "cube_far": {
        "n": 300,
        "min": 378.9169447657699,
        "max": 427.2673371788373,
        "mean": 400.0433583030509,
        "spread_pct": 12.76015577581402
      },
      "cube_near": {
        "n": 300,
        "min": 391.02195112290997,
        "max": 449.7715754644778,
        "mean": 413.7233356181101,
        "spread_pct": 15.024635873473269
      },
      "cylinder_far": {
        "n": 300,
        "min": 377.788481771559,
        "max": 420.40582438282803,
        "mean": 397.7802069407428,
        "spread_pct": 11.280741649778214
      },
      "cylinder_near": {
        "n": 300,
        "min": 387.3393904691448,
        "max": 440.76274226157386,
        "mean": 411.05526340146474,
        "spread_pct": 13.792388047010352
      },
      "mug_far": {
        "n": 300,
        "min": 388.0909292688382,
        "max": 419.0260057884257,
        "mean": 402.27907757777933,
        "spread_pct": 7.971089810800036
      },
      "mug_near": {
        "n": 300,
        "min": 396.34561506407044,
        "max": 431.55764227590566,
        "mean": 411.59979918427786,
        "spread_pct": 8.88417226620335
      },
      "sphere_far": {
        "n": 300,
        "min": 398.85519844213695,
        "max": 412.37285758877243,
        "mean": 404.44000945064795,
        "spread_pct": 3.3891144454010425
      },
      "sphere_near": {
        "n": 300,
        "min": 399.38620913846165,
        "max": 409.69991138231893,
        "mean": 404.9712711593379,
        "spread_pct": 2.5823881766237067
      }
    },
    "area_constant": {
      "cube_far": {
        "n": 300,
        "min": 132635.5143038898,
        "max": 167442.13488637484,
        "mean": 147384.85957971215,
        "spread_pct": 26.242308302689853
      },
      "cube_near": {
        "n": 300,
        "min": 140116.09118439365,
        "max": 176335.6048047565,
        "mean": 155699.0547949164,
        "spread_pct": 25.84964604293574
      },
      "cylinder_far": {
        "n": 300,
        "min": 123510.25209265057,
        "max": 135451.85803532763,
        "mean": 127871.3028365418,
        "spread_pct": 9.668513941433087
      },
      "cylinder_near": {
        "n": 300,
        "min": 125730.17955124081,
        "max": 140271.26050381255,
        "mean": 131746.7104428954,
        "spread_pct": 11.56530675806884
      },
      "mug_far": {
        "n": 300,
        "min": 119675.47069258109,
        "max": 127012.4349984606,
        "mean": 122929.37053391869,
        "spread_pct": 6.130716899143418
      },
      "mug_near": {
        "n": 300,
        "min": 121048.67115601742,
        "max": 130454.92777558477,
        "mean": 125258.00131728637,
        "spread_pct": 7.770640131558171
      },
      "sphere_far": {
        "n": 300,
        "min": 127185.93539709377,
        "max": 133151.05318453035,
        "mean": 129063.10799786403,
        "spread_pct": 4.6900765944069
      },
      "sphere_near": {
        "n": 300,
        "min": 127251.14805310512,
        "max": 133531.1755577814,
        "mean": 130116.58666297948,
        "spread_pct": 4.93514408377318
      }
    },
    "required_ratio_by_pairing": {
      "near_cube_far_cube": {
        "height": 1.0926939931424318,
        "area": 1.0931716735493535,
        "binding": 1.0931716735493535
      },
      "near_cube_far_cylinder": {
        "height": 1.0751463522074285,
        "area": 0.9832149573670279,
        "binding": 1.0751463522074285
      },
      "near_cube_far_mug": {
        "height": 1.0716176025031219,
        "area": 0.952092434967332,
        "binding": 1.0716176025031219
      },
      "near_cube_far_sphere": {
        "height": 1.0546028334331319,
        "area": 0.9748286764599291,
        "binding": 1.0546028334331319
      },
      "near_cylinder_far_cube": {
        "height": 1.103082587756778,
        "area": 1.1540180679548333,
        "binding": 1.1540180679548333
      },
      "near_cylinder_far_cylinder": {
        "height": 1.0853681157334223,
        "area": 1.0379411147756612,
        "binding": 1.0853681157334223
      },
      "near_cylinder_far_mug": {
        "height": 1.0818058170662739,
        "area": 1.0050862997099135,
        "binding": 1.0818058170662739
      },
      "near_cylinder_far_sphere": {
        "height": 1.0646292830928121,
        "area": 1.0290880499516213,
        "binding": 1.0646292830928121
      },
      "near_mug_far_cube": {
        "height": 1.0780170662661885,
        "area": 1.1761219713914857,
        "binding": 1.1761219713914857
      },
      "near_mug_far_cylinder": {
        "height": 1.0607051230145896,
        "area": 1.0578216962076241,
        "binding": 1.0607051230145896
      },
      "near_mug_far_mug": {
        "height": 1.0572237710279422,
        "area": 1.02433758453049,
        "binding": 1.0572237710279422
      },
      "near_mug_far_sphere": {
        "height": 1.0404375421741732,
        "area": 1.04879906099693,
        "binding": 1.04879906099693
      },
      "near_sphere_far_cube": {
        "height": 1.0698099418618374,
        "area": 1.1471006390412974,
        "binding": 1.1471006390412974
      },
      "near_sphere_far_cylinder": {
        "height": 1.0526297973325343,
        "area": 1.0317194757240118,
        "binding": 1.0526297973325343
      },
      "near_sphere_far_mug": {
        "height": 1.0491749494614002,
        "area": 0.9990615993839178,
        "binding": 1.0491749494614002
      },
      "near_sphere_far_sphere": {
        "height": 1.0325165169782027,
        "area": 1.0229194780470883,
        "binding": 1.0325165169782027
      }
    },
    "worst_case_height_ratio": 1.103082587756778,
    "worst_case_area_ratio": 1.1761219713914857,
    "worst_case_binding_ratio": 1.1761219713914857
  },
  "pooled_is_diagnostic_only": false,
  "regime_isolation": {},
  "per_set_required_ratio_by_pairing": {
    "m4a_v1_natural_congruent_pilot": {
      "near_cube_far_cube": {
        "height": 1.0926939931424318,
        "area": 1.0931716735493535,
        "binding": 1.0931716735493535
      },
      "near_cube_far_cylinder": {
        "height": 1.0751463522074285,
        "area": 0.9832149573670279,
        "binding": 1.0751463522074285
      },
      "near_cube_far_mug": {
        "height": 1.0716176025031219,
        "area": 0.952092434967332,
        "binding": 1.0716176025031219
      },
      "near_cube_far_sphere": {
        "height": 1.0546028334331319,
        "area": 0.9748286764599291,
        "binding": 1.0546028334331319
      },
      "near_cylinder_far_cube": {
        "height": 1.103082587756778,
        "area": 1.1540180679548333,
        "binding": 1.1540180679548333
      },
      "near_cylinder_far_cylinder": {
        "height": 1.0853681157334223,
        "area": 1.0379411147756612,
        "binding": 1.0853681157334223
      },
      "near_cylinder_far_mug": {
        "height": 1.0818058170662739,
        "area": 1.0050862997099135,