{
  "config": "configs/m4a_v1_natural_congruent_pilot.yaml",
  "method": "envelope coverage (deterministic), not random sampling",
  "n_renders": 9216,
  "depth_ranges": {
    "near": [
      2.939056449413555,
      4.982996790963811
    ],
    "far": [
      3.535397693820389,
      6.926755991256055
    ]
  },
  "extremes": {
    "height_cube_near": [
      394.6377861279187,
      463.2208534401799,
      1152
    ],
    "height_cube_far": [
      376.45412995956815,
      434.58240248117374,
      1920
    ],
    "height_cylinder_near": [
      389.93571888894775,
      450.4423471383818,
      1152
    ],
    "height_cylinder_far": [
      374.04482352782696,
      430.5208847009759,
      1920
    ],
    "height_mug_near": [
      394.4698551550983,
      440.85846741203324,
      1152
    ],
    "height_mug_far": [
      384.81977729200304,
      422.39784914058015,
      1920
    ],
    "height_sphere_near": [
      402.0902602395907,
      412.1068282329876,
      1152
    ],
    "height_sphere_far": [
      399.04137775714224,
      415.6053594753633,
      1920
    ],
    "area_cube_near": [
      113211.51693233548,
      193009.04394661976,
      1152
    ],
    "area_cube_far": [
      129359.92748038819,
      180349.96638001534,
      1920
    ],
    "area_cylinder_near": [
      98511.12698593097,
      146124.33858014498,
      1152
    ],
    "area_cylinder_far": [
      119991.00647850274,
      142046.42463169413,
      1920
    ],
    "area_mug_near": [
      88024.60196622879,
      134091.89025035096,
      1152
    ],
    "area_mug_far": [
      117975.3879260699,
      133089.1364450712,
      1920
    ],
    "area_sphere_near": [
      95452.55718851782,
      137873.86030823403,
      1152
    ],
    "area_sphere_far": [
      126931.3177857141,
      137873.86030823403,
      1920
    ]
  },
  "required_ratio_by_pairing": {
    "near_cube_far_cube": {
      "height": 1.1012184280303745,
      "area": 1.2621551045460488,
      "binding": 1.2621551045460488
    },
    "near_cube_far_cylinder": {
      "height": 1.090926667020745,
      "area": 1.1201336616647402,
      "binding": 1.1201336616647402
    },
    "near_cube_far_mug": {
      "height": 1.0703431450014858,
      "area": 1.0842414316551796,
      "binding": 1.0842414316551796
    },
    "near_cube_far_sphere": {
      "height": 1.053131185315965,
      "area": 1.103559269311954,
      "binding": 1.103559269311954
    },
    "near_cylinder_far_cube": {
      "height": 1.1144975477482257,
      "area": 1.3530548087282255,
      "binding": 1.3530548087282255
    },
    "near_cylinder_far_cylinder": {
      "height": 1.1040816828159994,
      "area": 1.2008050610221463,
      "binding": 1.2008050610221463
    },
    "near_cylinder_far_mug": {
      "height": 1.0832499529515467,
      "area": 1.1623278926967195,
      "binding": 1.1623278926967195
    },
    "near_cylinder_far_sphere": {
      "height": 1.065830441641911,
      "area": 1.1830369902090498,
      "binding": 1.1830369902090498
    },
    "near_mug_far_cube": {
      "height": 1.1016872311074415,
      "area": 1.4313834710648585,
      "binding": 1.4313834710648585
    },
    "near_mug_far_cylinder": {
      "height": 1.091391088760643,
      "area": 1.2703199495175586,
      "binding": 1.2703199495175586
    },
    "near_mug_far_mug": {
      "height": 1.0707988040670462,
      "area": 1.2296153288332246,
      "binding": 1.2296153288332246
    },
    "near_mug_far_sphere": {
      "height": 1.0535795170253375,
      "area": 1.2515232808900094,
      "binding": 1.2515232808900094
    },
    "near_sphere_far_cube": {
      "height": 1.0808080808080807,
      "area": 1.3745617322466575,
      "binding": 1.3745617322466575
    },
    "near_sphere_far_cylinder": {
      "height": 1.0707070707070707,
      "area": 1.2198919615980541,
      "binding": 1.2198919615980541
    },
    "near_sphere_far_mug": {
      "height": 1.0505050505050506,
      "area": 1.1808031953454459,
      "binding": 1.1808031953454459
    },
    "near_sphere_far_sphere": {
      "height": 1.0336121029833436,
      "area": 1.2018414657585785,
      "binding": 1.2018414657585785
    }
  },
  "deterministic_R": 1.4313834710648585,
  "binding_pairing": "near_mug_far_cube"
}