{
  "current": {
    "jitter": {
      "height_m": [
        -0.16,
        0.16
      ],
      "pitch_deg": [
        -3.0,
        3.0
      ]
    },
    "R2_B0_position": 0.8125509925434311,
    "R2_B0_contaminated": 0.8209705233316524,
    "R2_B1_appearance": 0.5055700905179785,
    "R2_B0_B2": 0.8994217418592358,
    "R2_all": 0.9611544908895653,
    "r_z_retinal": -0.6972190307537461,
    "r_z_v": -0.7704954785129334,
    "overlap_p_v_given_z": 0.06666666666666667,
    "truncated": 0,
    "placement_failures": 0,
    "n": 300,
    "depth_range": [
      2.955704787183932,
      6.615685048777165
    ]
  },
  "wider_pitch": {
    "jitter": {
      "height_m": [
        -0.16,
        0.16
      ],
      "pitch_deg": [
        -9.0,
        9.0
      ]
    },
    "R2_B0_position": 0.516951080814352,
    "R2_B0_contaminated": 0.6025543200832004,
    "R2_B1_appearance": 0.49872014345933097,
    "R2_B0_B2": 0.8648390830325626,
    "R2_all": 0.9581392529545193,
    "r_z_retinal": -0.691345422217768,
    "r_z_v": -0.5252305324396638,
    "overlap_p_v_given_z": 0.35,
    "truncated": 0,
    "placement_failures": 0,
    "n": 300,
    "depth_range": [
      2.955704787183932,
      6.622850400154991
    ]
  },
  "wider_height": {
    "jitter": {
      "height_m": [
        -0.6,
        0.6
      ],
      "pitch_deg": [
        -3.0,
        3.0
      ]
    },
    "R2_B0_position": 0.5805229004027114,
    "R2_B0_contaminated": 0.611473746223217,
    "R2_B1_appearance": 0.4836028625349041,
    "R2_B0_B2": 0.8763458920905626,
    "R2_all": 0.9525905330182601,
    "r_z_retinal": -0.6908946096500942,
    "r_z_v": -0.5321020767751313,
    "overlap_p_v_given_z": 0.33333333333333337,
    "truncated": 0,
    "placement_failures": 0,
    "n": 300,
    "depth_range": [
      2.955704787183932,
      6.615685048777165
    ]
  },
  "wider_pitch_height": {
    "jitter": {
      "height_m": [
        -0.6,
        0.6
      ],
      "pitch_deg": [
        -9.0,
        9.0
      ]
    },
    "R2_B0_position": 0.467782725336941,
    "R2_B0_contaminated": 0.5391833038181655,
    "R2_B1_appearance": 0.47993735751847666,
    "R2_B0_B2": 0.8444646196226697,
    "R2_all": 0.950605190949287,
    "r_z_retinal": -0.6884251984122571,
    "r_z_v": -0.43033613604863485,
    "overlap_p_v_given_z": 0.44999999999999996,
    "truncated": 0,
    "placement_failures": 0,
    "n": 300,
    "depth_range": [
      2.955704787183932,
      6.6228504001549915
    ]
  }
}