{
  "split": "heldout_camera_pose",
  "scores": {
    "z_depth": {
      "B0_selection": 0.5792415952778454,
      "B1_monocular": 0.8066301788288806,
      "B2_semantic": -0.012922717926584948,
      "B0B1B2_all": 0.8884492522126386
    },
    "x_world": {
      "B0_selection": 0.8193608443650511,
      "B1_monocular": 0.09262597476686463,
      "B2_semantic": 0.31951079397704596,
      "B0B1B2_all": 0.8123181585799817
    }
  }
}