{
  "random": {
    "z_depth": 0.7929208150113709,
    "x_world": 0.8506189070529983,
    "x_cam": 0.951480749696018,
    "shape": 0.6977777777777777,
    "color": 0.3022222222222222
  },
  "structured": {
    "heldout_object_identity": {
      "x_world": 0.7865885587261429,
      "z_depth": 0.487014768035571
    },
    "heldout_depth_range": {
      "x_world": 0.8308286419118609,
      "z_depth": 0.7877216932635137
    },
    "heldout_camera_pose": {
      "x_world": 0.8484399875142625,
      "z_depth": 0.779711618187654
    }
  },
  "positive_control": {
    "x_cam": 0.951480749696018
  }
}