{
  "random": {
    "x_lateral": 0.8860989996754137,
    "z_depth": 0.8654852373682127,
    "shape": 0.47816091954022993,
    "color": 0.3402298850574713
  },
  "structured": {
    "heldout_object_identity": {
      "x_lateral": 0.8887189750105777,
      "z_depth": 0.7527476068258199
    },
    "heldout_depth_range": {
      "x_lateral": 0.8470416305027524,
      "z_depth": 0.7811082971431493
    },
    "heldout_camera_pose": {
      "x_lateral": 0.8721175992165631,
      "z_depth": 0.8713534880494029
    }
  }
}