{
  "split": "heldout_camera_pose",
  "scores": {
    "z_depth": {
      "B0_selection": 0.559495569590207,
      "B1_monocular": 0.8780485293796529,
      "B2_semantic": 0.25572379517874966,
      "B0B1B2_all": 0.9628915127958132
    },
    "x_world": {
      "B0_selection": 0.8214114023944669,
      "B1_monocular": -0.06804676092988649,
      "B2_semantic": -0.018742144572579278,
      "B0B1B2_all": 0.822203583446895
    }
  }
}