{
  "random": {
    "z_depth": 0.8166864431702636,
    "x_world": 0.8167638336933759,
    "x_cam": 0.8936674381280284,
    "shape": 0.5078651685393257,
    "color": 0.35955056179775285
  },
  "structured": {
    "heldout_object_identity": {
      "x_world": 0.8150006376102563,
      "z_depth": 0.7128046097148761
    },
    "heldout_depth_range": {
      "x_world": 0.7573759491328467,
      "z_depth": 0.6987186065583689
    },
    "heldout_camera_pose": {
      "x_world": 0.8164394475058948,
      "z_depth": 0.8189945138483475
    }
  },
  "positive_control": {
    "x_cam": 0.8936674381280284
  }
}