{
  "random": {
    "z_depth": 0.8824940964631033,
    "x_world": 0.8212215468298825,
    "x_cam": 0.9233833059418053,
    "shape": 0.6394160583941606,
    "color": 0.35766423357664234
  },
  "structured": {
    "heldout_object_identity": {
      "x_world": 0.8238889276114619,
      "z_depth": 0.8177384462081843
    },
    "heldout_depth_range": {
      "x_world": 0.791440292862814,
      "z_depth": 0.8732177054755503
    },
    "heldout_camera_pose": {
      "x_world": 0.8167532836392425,
      "z_depth": 0.8845949717676238
    }
  },
  "positive_control": {
    "x_cam": 0.9233833059418053
  }
}