{
  "random": {
    "z_depth": 0.8696330556056694,
    "x_world": 0.9117398922901107,
    "x_cam": 0.9350488539490976,
    "shape": 0.6590909090909091,
    "color": 0.2939393939393939
  },
  "structured": {
    "heldout_object_identity": {
      "x_world": 0.9080293280720959,
      "z_depth": 0.8752891723406424
    },
    "heldout_depth_range": {
      "x_world": 0.8930530464611988,
      "z_depth": 0.8366898618765403
    },
    "heldout_camera_pose": {
      "x_world": 0.9149297923520587,
      "z_depth": 0.8571045277720876
    }
  },
  "positive_control": {
    "x_cam": 0.9350488539490976
  }
}