{
  "random": {
    "x_lateral": 0.9421437683986051,
    "z_depth": 0.9724128048024158,
    "shape": 0.9924,
    "color": 0.2332
  },
  "structured": {
    "heldout_object_identity": {
      "x_lateral": 0.9400706823793165,
      "z_depth": 0.3747247068017453
    },
    "heldout_depth_range": {
      "x_lateral": 0.9295265117011592,
      "z_depth": 0.9567677529919922
    }
  }
}